user1,P@ssw0rd1,user@example.com,John,Doe
user2,P@ssw0rd2,user2@example.com,Jane,Smith
user3,P@ssw0rd3,user3@example.com,Michael,Johnson
user4,P@ssw0rd4,user4@example.com,Emily,Davis
user5,P@ssw0rd5,user5@example.com,David,Wilson
user6,P@ssw0rd6,user6@example.com,Ashley,Moore
user7,P@ssw0rd7,user7@example.com,Chris,Taylor
user8,P@ssw0rd8,user8@example.com,Katie,Anderson
user9,P@ssw0rd9,user9@example.com,Matt,Thomas
user10,P@ssw0rd10,user10@example.com,Laura,Jackson
user11,P@ssw0rd11,user11@example.com,Daniel,White
user12,P@ssw0rd12,user12@example.com,Megan,Harris
user13,P@ssw0rd13,user13@example.com,Andrew,Martin
user14,P@ssw0rd14,user14@example.com,Sarah,Thompson
user15,P@ssw0rd15,user15@example.com,Ryan,Garcia
